summary,result
count,208189
mean,0.504642416265989
stddev,0.499979648291204
min,0.0
max,1.0
