column,count,mean,stddev,min,max,q1,median,q3,iqr,mode
price,209692,81.66947971310277,117.3206124285259,0.0,999.99,19.99,34.99,99.99,80.0,19.99
num_subscribers,209440,3094.260632782659,15530.31769915585,0.0,1752364.0,24.0,198.0,1348.0,1324.0,0.0
avg_rating,209616,9.55422061472935,1392.5248055338134,0.0,626304.0,3.8,4.3093925,4.606599,0.8065990000000003,0.0
num_reviews,209687,243.7999955110808,2430.0870638345095,0.0,436457.0,3.0,17.0,71.0,68.0,0.0
num_comments,209715,46.0485564521379,519.4166288574735,0.0,172991.0,1.0,5.0,18.0,17.0,0.0
num_lectures,209729,36.874520123551825,88.06080524089445,0.0,24886.0,11.0,21.0,41.0,30.0,0.0
content_length_min,209733,265.40956938250156,461.2728308337032,0.0,36899.0,68.0,131.0,281.0,213.0,0.0
