column,count,mean,stddev,min,max,unique,q1,median,q3,iqr,mode
price,208147,81.7579949747053,117.37798052236771,0.0,999.99,236,19.99,34.99,99.99,80.0,19.99
num_subscribers,207896,3102.085566485166,15568.109303044585,0.0,1752364.0,20321,24.0,198.0,1366.0,1342.0,0.0
avg_rating,208072,9.601691341970604,1397.6817825306896,0.0,626304.0,7448,3.8,4.3,4.608108,0.8081079999999998,0.0
num_reviews,208143,244.8148660235127,2438.200276724139,0.0,436457.0,4988,3.0,17.0,71.0,68.0,0.0
num_comments,208171,46.250404793943915,521.275392594511,0.0,172991.0,1998,1.0,5.0,18.0,17.0,0.0
num_lectures,208185,36.96858193910416,88.31341476433954,0.0,24886.0,727,11.0,21.0,41.0,30.0,0.0
content_length_min,208189,266.0581837431382,462.15076171326774,0.0,36899.0,3450,68.0,132.0,282.0,214.0,0.0
most_common_price,208149,54.606190901709,41.45293637116567,0.0,999.99,47,24.99,34.99,74.99,50.0,34.99
